PERMNO,date,TICKER,PRC,RET,SHROUT,vwretd,sprtrn,w_mkt
10107,2021-05-28,MSFT,249.67999,-0.007693,7531575.0,0.007092,0.005487,1880483570684250.0
10107,2021-06-30,MSFT,270.89999,0.084989,7519000.0,0.023422,0.022214,2036897024810000.0
10107,2021-07-30,MSFT,284.91,0.051717,7514891.0,0.011828,0.022748,2141067594810000.2
10107,2021-08-31,MSFT,301.88,0.061528,7514891.0,0.027146,0.02899,2268595295080000.0
10107,2021-09-30,MSFT,281.92001,-0.066119,7507897.0,-0.042243,-0.047569,2116626397318970.0
10107,2021-10-29,MSFT,331.62,0.176291,7507980.0,0.064651,0.069144,2489796327600000.0
10107,2021-11-30,MSFT,330.59,-0.001236,7507980.0,-0.01835,-0.008334,2482063108200000.0
10107,2021-12-31,MSFT,336.32001,0.017333,7507980.0,0.033341,0.043613,2525083908679800.0
10107,2022-01-31,MSFT,310.98001,-0.075345,7496866.0,-0.059822,-0.052585,2331375463648660.0
10107,2022-02-28,MSFT,298.79001,-0.037205,7496866.0,-0.021838,-0.031361,2239988667108659.8
10107,2022-03-31,MSFT,308.31,0.031862,7483000.0,0.030506,0.035773,2307083730000000.0
10107,2022-04-29,MSFT,277.51999,-0.099867,7479033.0,-0.089387,-0.087957,2075581163369670.2
10107,2022-05-31,MSFT,271.87,-0.018125,7479033.0,-0.002113,5.3e-05,2033324701710000.0
10107,2022-06-30,MSFT,256.82999,-0.055321,7464000.0,-0.083998,-0.08392,1916979045360000.2
10107,2022-07-29,MSFT,280.73999,0.093097,7457892.0,0.090351,0.091116,2093728525501079.8
10107,2022-08-31,MSFT,261.47,-0.066432,7457892.0,-0.036233,-0.04244,1950015021240000.2
10107,2022-09-30,MSFT,232.89999,-0.109267,7457000.0,-0.091323,-0.093396,1736735225430000.0
10107,2022-10-31,MSFT,232.13,-0.003306,7454473.0,0.077394,0.079863,1730406817490000.0
10107,2022-11-30,MSFT,255.14,0.102055,7454473.0,0.052354,0.053753,1901934241219999.8
10107,2022-12-30,MSFT,239.82001,-0.060045,7447000.0,-0.057119,-0.058971,1785939614470000.0
10107,2023-01-31,MSFT,247.81,0.033317,7443804.0,0.071823,0.061753,1844649069240000.0
10107,2023-02-28,MSFT,249.42,0.009241,7443804.0,-0.024666,-0.026112,1856633593679999.8
10107,2023-03-31,MSFT,288.29999,0.155882,7437000.0,0.02395,0.035052,2144087025630000.0
10107,2023-04-28,MSFT,307.26001,0.065765,7435488.0,0.008976,0.014642,2284628117234880.0
10107,2023-05-31,MSFT,328.39001,0.070982,7435488.0,0.000708,0.002482,2441739978674880.0
10107,2023-06-30,MSFT,340.54001,0.036999,7432000.0,0.066183,0.064728,2530893354320000.0
10107,2023-07-31,MSFT,335.92001,-0.013567,7429764.0,0.035618,0.031139,2495806397177640.0
10107,2023-08-31,MSFT,327.76001,-0.022267,7429764.0,-0.020608,-0.017716,2435179522937640.0
10107,2023-09-29,MSFT,315.75,-0.036643,7429031.0,-0.04739,-0.048719,2345716538250000.0
10107,2023-10-31,MSFT,338.10999,0.070815,7432262.0,-0.028865,-0.02198,2512922030497380.0
10107,2023-11-30,MSFT,378.91,0.122889,7432262.0,0.092053,0.089179,2816158394420000.0
10107,2023-12-29,MSFT,376.04001,-0.007574,7432262.0,0.053604,0.044229,2794827876802620.0
10107,2024-01-31,MSFT,397.57999,0.057281,7430436.0,0.007561,0.015896,2954192670575640.0
10107,2024-02-29,MSFT,413.64001,0.042281,7430436.0,0.050583,0.051721,3073525621344360.5
10107,2024-03-28,MSFT,420.72,0.017116,7432306.0,0.03245,0.031019,3126919780320000.0
10107,2024-04-30,MSFT,389.32999,-0.074610,7432306.0,-0.042724,-0.041615,2893619620656940.0
10107,2024-05-31,MSFT,415.13,0.068194,7432306.0,0.046553,0.048021,3085373189779999.5
10107,2024-06-28,MSFT,446.95001,0.076651,7434000.0,0.026073,0.03467,3322626374340000.0
10107,2024-07-31,MSFT,418.35001,-0.063989,7433038.0,0.019878,0.011321,3109611521630380.0
10107,2024-08-30,MSFT,417.14001,-0.001100,7433038.0,0.021572,0.022835,3100617545650380.0
10107,2024-09-30,MSFT,430.29999,0.031548,7434436.0,0.020969,0.020197,3199037736455640.0
10107,2024-10-31,MSFT,406.35001,-0.055659,7434881.0,-0.008298,-0.009897,3021163968698810.0
10107,2024-11-29,MSFT,423.45999,0.044149,7434881.0,0.064855,0.057301,3148374633911190.0
10107,2024-12-31,MSFT,421.5,-0.004629,7434881.0,-0.031582,-0.02499,3133802341500000.0
13407,2022-06-30,META,161.25,-0.167269,2290000.0,-0.083998,-0.08392,369262500000000.0
13407,2022-07-29,META,159.10001,-0.013333,2280672.0,0.090351,0.091116,362854938006720.0
13407,2022-08-31,META,162.92999,0.024073,2280672.0,-0.036233,-0.04244,371589866153280.0
13407,2022-09-30,META,135.67999,-0.167250,2262000.0,-0.091323,-0.093396,306908137380000.0
13407,2022-10-31,META,93.16,-0.313384,2248672.0,0.077394,0.079863,209486283519999.97
13407,2022-11-30,META,118.1,0.267711,2248672.0,0.052354,0.053753,265568163200000.0
13407,2022-12-30,META,120.34,0.018967,2247000.0,-0.057119,-0.058971,270403980000000.0
13407,2023-01-31,META,148.97,0.237909,2225763.0,0.071823,0.061753,331571914110000.0
13407,2023-02-28,META,174.94,0.174330,2225763.0,-0.024666,-0.026112,389374979220000.0
13407,2023-03-31,META,211.94,0.211501,2215651.0,0.02395,0.035052,469585072940000.0
13407,2023-04-28,META,240.32001,0.133906,2212153.0,0.008976,0.014642,531624631081530.0
13407,2023-05-31,META,264.72,0.101531,2212153.0,0.000708,0.002482,585601142160000.1
13407,2023-06-30,META,286.98001,0.084089,2222000.0,0.066183,0.064728,637669582220000.0
13407,2023-07-31,META,318.60001,0.110182,2222583.0,0.035618,0.031139,708114966025830.0
13407,2023-08-31,META,295.89001,-0.071281,2222583.0,-0.020608,-0.017716,657640106095830.1
13407,2023-09-29,META,300.20999,0.014600,2221000.0,-0.04739,-0.048719,666766387790000.0
13407,2023-10-31,META,301.26999,0.003531,2219607.0,-0.028865,-0.02198,668700978693930.0
13407,2023-11-30,META,327.14999,0.085903,2219607.0,0.092053,0.089179,726144407853930.0
13407,2023-12-29,META,353.95999,0.081950,2211000.0,0.053604,0.044229,782605537890000.0
13407,2024-01-31,META,390.14001,0.102215,2200049.0,0.007561,0.015896,858327138860490.1
13407,2024-02-29,META,490.13,0.257574,2200049.0,0.050583,0.051721,1078310016369999.9
13407,2024-03-28,META,485.57999,-0.009283,2192000.0,0.03245,0.031019,1064391338080000.0
13407,2024-04-30,META,430.17001,-0.114111,2191446.0,-0.042724,-0.041615,942694347734460.0
13407,2024-05-31,META,466.82999,0.085222,2191446.0,0.046553,0.048021,1023032714265540.0
13407,2024-06-28,META,504.22,0.081164,2188000.0,0.026073,0.03467,1103233360000000.0
13407,2024-07-31,META,474.82999,-0.058288,2184729.0,0.019878,0.011321,1037374849222710.0
13407,2024-08-30,META,521.31,0.097888,2184729.0,0.021572,0.022835,1138921074989999.8
13407,2024-09-30,META,572.44,0.099039,2180000.0,0.020969,0.020197,1247919200000000.0
13407,2024-10-31,META,567.58002,-0.008490,2180001.0,-0.008298,-0.009897,1237325011180020.0
13407,2024-11-29,META,574.32001,0.011875,2180001.0,0.064855,0.057301,1252018196120010.2
13407,2024-12-31,META,585.51001,0.020355,2180001.0,-0.031582,-0.02499,1276412407310010.0
14593,2021-05-28,AAPL,124.61,-0.050434,16687631.0,0.007092,0.005487,2079445698910000.0
14593,2021-06-30,AAPL,136.96001,0.099109,16556942.0,0.023422,0.022214,2267638941889420.0
14593,2021-07-30,AAPL,145.86,0.064982,16530166.0,0.011828,0.022748,2411090012760000.0
14593,2021-08-31,AAPL,151.83,0.042438,16530166.0,0.027146,0.02899,2509775103780000.0
14593,2021-09-30,AAPL,141.5,-0.068037,16426786.0,-0.042243,-0.047569,2324390219000000.0
14593,2021-10-29,AAPL,149.8,0.058657,16406397.0,0.064651,0.069144,2457678270600000.5
14593,2021-11-30,AAPL,165.3,0.104940,16406397.0,-0.01835,-0.008334,2711977424100000.5
14593,2021-12-31,AAPL,177.57001,0.074229,16344923.0,0.033341,0.043613,2902368140559230.0
14593,2022-01-31,AAPL,174.78,-0.015712,16319441.0,-0.059822,-0.052585,2852311897980000.0
14593,2022-02-28,AAPL,165.12,-0.054011,16319441.0,-0.021838,-0.031361,2694666097920000.0
14593,2022-03-31,AAPL,174.61,0.057473,16207568.0,0.030506,0.035773,2830003448480000.0
14593,2022-04-29,AAPL,157.64999,-0.097131,16185181.0,-0.089387,-0.087957,2551593622798190.0
14593,2022-05-31,AAPL,148.84,-0.054424,16185181.0,-0.002113,5.3e-05,2409002340040000.0
14593,2022-06-30,AAPL,136.72,-0.081430,16095378.0,-0.083998,-0.08392,2200560080159999.8
14593,2022-07-29,AAPL,162.50999,0.188634,16070752.0,0.090351,0.091116,2611657746812480.0
14593,2022-08-31,AAPL,157.22,-0.031137,16070752.0,-0.036233,-0.04244,2526643629440000.0
14593,2022-09-30,AAPL,138.2,-0.120977,15943425.0,-0.091323,-0.093396,2203381335000000.0
14593,2022-10-31,AAPL,153.34,0.109551,15908118.0,0.077394,0.079863,2439350814120000.0
14593,2022-11-30,AAPL,148.03,-0.033129,15908118.0,0.052354,0.053753,2354878707540000.0
14593,2022-12-30,AAPL,129.92999,-0.122273,15842407.0,-0.057119,-0.058971,2058403783085930.0
14593,2023-01-31,AAPL,144.28999,0.110521,15821946.0,0.071823,0.061753,2282948430120539.5
14593,2023-02-28,AAPL,147.41,0.023217,15821946.0,-0.024666,-0.026112,2332313059860000.0
14593,2023-03-31,AAPL,164.89999,0.118649,15723406.0,0.02395,0.035052,2592789492165940.0
14593,2023-04-28,AAPL,169.67999,0.028987,15728702.0,0.008976,0.014642,2668845998072980.0
14593,2023-05-31,AAPL,177.25,0.046028,15728702.0,0.000708,0.002482,2787912429500000.0
14593,2023-06-30,AAPL,193.97,0.094330,15647868.0,0.066183,0.064728,3035216955960000.0
14593,2023-07-31,AAPL,196.45,0.012785,15634232.0,0.035618,0.031139,3071344876399999.5
14593,2023-08-31,AAPL,187.87,-0.042454,15634232.0,-0.020608,-0.017716,2937203165840000.0
14593,2023-09-29,AAPL,171.21001,-0.088678,15550061.0,-0.04739,-0.048719,2662326099310610.5
14593,2023-10-31,AAPL,170.77,-0.002570,15552752.0,-0.028865,-0.02198,2655943459040000.0
14593,2023-11-30,AAPL,189.95,0.113720,15552752.0,0.092053,0.089179,2954245242399999.5
14593,2023-12-29,AAPL,192.53,0.013583,15460223.0,0.053604,0.044229,2976556734190000.0
14593,2024-01-31,AAPL,184.39999,-0.042227,15441881.0,0.007561,0.015896,2847482701981190.0
14593,2024-02-29,AAPL,180.75,-0.018492,15441881.0,0.050583,0.051721,2791119990750000.0
14593,2024-03-28,AAPL,171.48,-0.051286,15337686.0,0.03245,0.031019,2630106395279999.5
14593,2024-04-30,AAPL,170.33,-0.006706,15334082.0,-0.042724,-0.041615,2611854187060000.5
14593,2024-05-31,AAPL,192.25,0.130159,15334082.0,0.046553,0.048021,2947977264500000.0
14593,2024-06-28,AAPL,210.62,0.095553,15222259.0,0.026073,0.03467,3206112190580000.0
14593,2024-07-31,AAPL,222.08,0.054411,15204137.0,0.019878,0.011321,3376534744960000.0
14593,2024-08-30,AAPL,229.0,0.032286,15204137.0,0.021572,0.022835,3481747373000000.0
14593,2024-09-30,AAPL,233.0,0.017467,15116786.0,0.020969,0.020197,3522211138000000.0
14593,2024-10-31,AAPL,225.91,-0.030429,15115823.0,-0.008298,-0.009897,3414815573930000.0
14593,2024-11-29,AAPL,237.33,0.051658,15115823.0,0.064855,0.057301,3587438272590000.0
14593,2024-12-31,AAPL,250.42,0.055155,15115823.0,-0.031582,-0.02499,3785304395660000.0
21413,2021-06-30,META,15.12,C,100.0,0.023422,0.022214,1512000000.0
21413,2021-07-30,META,14.62,-0.033069,2650.0,0.011828,0.022748,38743000000.0
21413,2021-08-31,META,15.11,0.033516,4150.0,0.027146,0.02899,62706500000.0
21413,2021-09-30,META,14.16,-0.062872,7400.0,-0.042243,-0.047569,104784000000.0
21413,2021-10-29,META,15.32,0.081921,9725.0,0.064651,0.069144,148987000000.0
21413,2021-11-30,META,16.1,0.050914,50400.0,-0.01835,-0.008334,811440000000.0001
21413,2021-12-31,META,15.18,-0.057143,61525.0,0.033341,0.043613,933949500000.0
50876,2021-05-28,LLY,199.74001,0.097500,959025.0,0.007092,0.005487,191555663090250.0
50876,2021-06-30,LLY,229.52,0.149094,959025.0,0.023422,0.022214,220115418000000.0
50876,2021-07-30,LLY,243.5,0.060910,959025.0,0.011828,0.022748,233522587500000.0
50876,2021-08-31,LLY,258.29001,0.064230,956581.0,0.027146,0.02899,247075316055810.0
50876,2021-09-30,LLY,231.05,-0.105463,956581.0,-0.042243,-0.047569,221018040050000.0
50876,2021-10-29,LLY,254.75999,0.102618,956592.0,0.064651,0.069144,243701368354080.0
50876,2021-11-30,LLY,248.03999,-0.023041,956592.0,-0.01835,-0.008334,237273070114079.97
50876,2021-12-31,LLY,276.22,0.113611,956592.0,0.033341,0.043613,264229842240000.03
50876,2022-01-31,LLY,245.39,-0.111614,956592.0,-0.059822,-0.052585,234738110880000.0
50876,2022-02-28,LLY,249.95,0.022576,952347.0,-0.021838,-0.031361,238039132649999.97
50876,2022-03-31,LLY,286.37,0.145709,952347.0,0.030506,0.035773,272723610390000.0
50876,2022-04-29,LLY,292.13,0.020114,952347.0,-0.089387,-0.087957,278209129110000.0
50876,2022-05-31,LLY,313.44,0.076302,950160.0,-0.002113,5.3e-05,297818150400000.0
50876,2022-06-30,LLY,324.23001,0.034424,950160.0,-0.083998,-0.08392,308070386301600.0
50876,2022-07-29,LLY,329.69,0.016840,950160.0,0.090351,0.091116,313258250400000.0
50876,2022-08-31,LLY,301.23001,-0.083351,950175.0,-0.036233,-0.04244,286221224751750.0
50876,2022-09-30,LLY,323.35001,0.073432,950175.0,-0.091323,-0.093396,307239095751750.0
50876,2022-10-31,LLY,362.09,0.119808,950175.0,0.077394,0.079863,344048865750000.0
50876,2022-11-30,LLY,371.07999,0.027535,950178.0,0.052354,0.053753,352592042738220.06
50876,2022-12-30,LLY,365.84,-0.014121,987124.0,-0.057119,-0.058971,361129444159999.94
50876,2023-01-31,LLY,344.14999,-0.059288,987124.0,0.071823,0.061753,339718714728760.0
50876,2023-02-28,LLY,311.22,-0.092402,950296.0,-0.024666,-0.026112,295751121120000.0
50876,2023-03-31,LLY,343.42001,0.103464,950296.0,0.02395,0.035052,326350661822960.0
50876,2023-04-28,LLY,395.85999,0.152699,949273.0,0.008976,0.014642,375779200287270.0
50876,2023-05-31,LLY,429.45999,0.087733,949273.0,0.000708,0.002482,407674773087270.0
50876,2023-06-30,LLY,468.98001,0.092023,949273.0,0.066183,0.064728,445190061032730.0
50876,2023-07-31,LLY,454.54999,-0.030769,949273.0,0.035618,0.031139,431492032657269.94
50876,2023-08-31,LLY,554.20001,0.221714,949295.0,-0.020608,-0.017716,526099298492950.0
50876,2023-09-29,LLY,537.13,-0.030801,949295.0,-0.04739,-0.048719,509894823350000.0
50876,2023-10-31,LLY,553.92999,0.031277,949295.0,-0.028865,-0.02198,525842969857050.0
50876,2023-11-30,LLY,591.03998,0.069034,949307.0,0.092053,0.089179,561078390293859.94
50876,2023-12-29,LLY,582.91998,-0.013738,949307.0,0.053604,0.044229,553370017453860.06
50876,2024-01-31,LLY,645.60999,0.107545,949307.0,0.007561,0.015896,612882082776930.1
50876,2024-02-29,LLY,753.67999,0.169406,950164.0,0.050583,0.051721,716119594018360.0
50876,2024-03-28,LLY,777.96002,0.032215,950766.0,0.03245,0.031019,739657936375320.0
50876,2024-04-30,LLY,781.09998,0.004036,950766.0,-0.042724,-0.041615,742643303584680.0
50876,2024-05-31,LLY,820.34003,0.051901,950405.0,0.046553,0.048021,779655266212150.0
50876,2024-06-28,LLY,905.38,0.103664,950405.0,0.026073,0.03467,860477678900000.0
50876,2024-07-31,LLY,804.27002,-0.111677,950405.0,0.019878,0.011321,764382248358100.0
50876,2024-08-30,LLY,960.02002,0.195270,950426.0,0.021572,0.022835,912427987528520.0
50876,2024-09-30,LLY,885.94,-0.077165,950426.0,0.020969,0.020197,842020410440000.0
50876,2024-10-31,LLY,829.73999,-0.063435,949316.0,-0.008298,-0.009897,787685448346840.0
50876,2024-11-29,LLY,795.34998,-0.039880,949316.0,0.064855,0.057301,755038461613680.0
50876,2024-12-31,LLY,772.0,-0.029358,949316.0,-0.031582,-0.02499,732871952000000.0
84788,2021-05-28,AMZN,3223.07007,-0.070470,504324.0,0.007092,0.005487,1625471589982680.0
84788,2021-06-30,AMZN,3440.15991,0.067355,506000.0,0.023422,0.022214,1740720914460000.0
84788,2021-07-30,AMZN,3327.59009,-0.032722,506441.0,0.011828,0.022748,1685228052769690.0
84788,2021-08-31,AMZN,3470.79004,0.043034,506441.0,0.027146,0.02899,1757750378647640.0
84788,2021-09-30,AMZN,3285.04004,-0.053518,507000.0,-0.042243,-0.047569,1665515300280000.0
84788,2021-10-29,AMZN,3372.42993,0.026602,507148.0,0.064651,0.069144,1710321094139639.8
84788,2021-11-30,AMZN,3507.07007,0.039924,507148.0,-0.01835,-0.008334,1778603571860360.2
84788,2021-12-31,AMZN,3334.34009,-0.049252,509000.0,0.033341,0.043613,1697179105810000.2
84788,2022-01-31,AMZN,2991.46997,-0.102830,508844.0,-0.059822,-0.052585,1522191545414680.0
84788,2022-02-28,AMZN,3071.26001,0.026673,508624.0,-0.021838,-0.031361,1562116551326240.0
84788,2022-03-31,AMZN,3259.94995,0.061437,509000.0,0.030506,0.035773,1659314524550000.2
84788,2022-04-29,AMZN,2485.62988,-0.237525,508720.0,-0.089387,-0.087957,1264489632553600.0
84788,2022-05-31,AMZN,2404.18994,-0.032764,508720.0,-0.002113,5.3e-05,1223059506276800.2
84788,2022-06-30,AMZN,106.21,-0.116459,10183000.0,-0.083998,-0.08392,1081536430000000.0
84788,2022-07-29,AMZN,134.95,0.270596,10187555.0,0.090351,0.091116,1374810547250000.0
84788,2022-08-31,AMZN,126.77,-0.060615,10187555.0,-0.036233,-0.04244,1291476347350000.0
84788,2022-09-30,AMZN,113.0,-0.108622,10198000.0,-0.091323,-0.093396,1152374000000000.0
84788,2022-10-31,AMZN,102.44,-0.093451,10201654.0,0.077394,0.079863,1045057435760000.0
84788,2022-11-30,AMZN,96.54,-0.057595,10201654.0,0.052354,0.053753,984867677160000.1
84788,2022-12-30,AMZN,84.0,-0.129894,10242000.0,-0.057119,-0.058971,860328000000000.0
84788,2023-01-31,AMZN,103.13,0.227738,10247260.0,0.071823,0.061753,1056799923800000.0
84788,2023-02-28,AMZN,94.23,-0.086299,10253774.0,-0.024666,-0.026112,966213124020000.1
84788,2023-03-31,AMZN,103.29,0.096148,10258000.0,0.02395,0.035052,1059548820000000.1
84788,2023-04-28,AMZN,105.45,0.020912,10260354.0,0.008976,0.014642,1081954329300000.0
84788,2023-05-31,AMZN,120.58,0.143480,10260354.0,0.000708,0.002482,1237193485320000.0
84788,2023-06-30,AMZN,130.36,0.081108,10313000.0,0.066183,0.064728,1344402680000000.2
84788,2023-07-31,AMZN,133.67999,0.025468,10317751.0,0.035618,0.031139,1379276850502490.0
84788,2023-08-31,AMZN,138.00999,0.032391,10317751.0,-0.020608,-0.017716,1423952712332490.0
84788,2023-09-29,AMZN,127.12,-0.078907,10330000.0,-0.04739,-0.048719,1313149600000000.0
84788,2023-10-31,AMZN,133.09,0.046963,10334031.0,-0.028865,-0.02198,1375356185790000.0
84788,2023-11-30,AMZN,146.09,0.097678,10334031.0,0.092053,0.089179,1509698588790000.0
84788,2023-12-29,AMZN,151.94,0.040044,10242000.0,0.053604,0.044229,1556169480000000.0
84788,2024-01-31,AMZN,155.2,0.021456,10387381.0,0.007561,0.015896,1612121531199999.8
84788,2024-02-29,AMZN,176.75999,0.138918,10397186.0,0.050583,0.051721,1837806493388140.0
84788,2024-03-28,AMZN,180.38,0.020480,10403000.0,0.03245,0.031019,1876493140000000.0
84788,2024-04-30,AMZN,175.0,-0.029826,10406627.0,-0.042724,-0.041615,1821159725000000.0
84788,2024-05-31,AMZN,176.44,0.008229,10406627.0,0.046553,0.048021,1836145267880000.0
84788,2024-06-28,AMZN,193.25,0.095273,10490000.0,0.026073,0.03467,2027192500000000.0
84788,2024-07-31,AMZN,186.98,-0.032445,10495567.0,0.019878,0.011321,1962461117659999.8
84788,2024-08-30,AMZN,178.5,-0.045352,10495567.0,0.021572,0.022835,1873458709500000.0
84788,2024-09-30,AMZN,186.33,0.043866,10511000.0,0.020969,0.020197,1958514630000000.2
84788,2024-10-31,AMZN,186.39999,0.000376,10515011.0,-0.008298,-0.009897,1959997945249890.0
84788,2024-11-29,AMZN,207.89,0.115290,10515011.0,0.064855,0.057301,2185965636790000.0
84788,2024-12-31,AMZN,219.39,0.055318,10515011.0,-0.031582,-0.02499,2306888263290000.0
86580,2021-05-28,NVDA,649.78003,0.082281,623000.0,0.007092,0.005487,404812958690000.0
86580,2021-06-30,NVDA,800.09998,0.231586,623000.0,0.023422,0.022214,498462287539999.94
86580,2021-07-30,NVDA,194.99001,-0.025172,2500000.0,0.011828,0.022748,487475025000000.06
86580,2021-08-31,NVDA,223.85001,0.148213,2500000.0,0.027146,0.02899,559625025000000.0
86580,2021-09-30,NVDA,207.16,-0.074559,2500000.0,-0.042243,-0.047569,517900000000000.0
86580,2021-10-29,NVDA,255.67,0.234167,2502000.0,0.064651,0.069144,639686340000000.0
86580,2021-11-30,NVDA,326.76001,0.278054,2500000.0,-0.01835,-0.008334,816900025000000.0
86580,2021-12-31,NVDA,294.10999,-0.099798,2500000.0,0.033341,0.043613,735274975000000.0
86580,2022-01-31,NVDA,244.86,-0.167454,2506000.0,-0.059822,-0.052585,613619160000000.0
86580,2022-02-28,NVDA,243.85001,-0.004125,2506000.0,-0.021838,-0.031361,611088125060000.0
86580,2022-03-31,NVDA,272.85999,0.119131,2503959.0,0.030506,0.035773,683230227700410.0
86580,2022-04-29,NVDA,185.47,-0.320274,2500000.0,-0.089387,-0.087957,463675000000000.0
86580,2022-05-31,NVDA,186.72,0.006740,2500000.0,-0.002113,5.3e-05,466800000000000.0
86580,2022-06-30,NVDA,151.59,-0.187928,2500000.0,-0.083998,-0.08392,378975000000000.0
86580,2022-07-29,NVDA,181.63,0.198166,2489000.0,0.090351,0.091116,452077070000000.0
86580,2022-08-31,NVDA,150.94,-0.168970,2490000.0,-0.036233,-0.04244,375840600000000.0
86580,2022-09-30,NVDA,121.39,-0.195508,2490000.0,-0.091323,-0.093396,302261100000000.0
86580,2022-10-31,NVDA,134.97,0.111871,2460000.0,0.077394,0.079863,332026200000000.0
86580,2022-11-30,NVDA,169.23,0.254131,2460000.0,0.052354,0.053753,416305800000000.0
86580,2022-12-30,NVDA,146.14,-0.136442,2460000.0,-0.057119,-0.058971,359504399999999.94
86580,2023-01-31,NVDA,195.37,0.336869,2466000.0,0.071823,0.061753,481782420000000.0
86580,2023-02-28,NVDA,232.16,0.188309,2470000.0,-0.024666,-0.026112,573435200000000.0
86580,2023-03-31,NVDA,277.76999,0.196632,2470000.0,0.02395,0.035052,686091875300000.1
86580,2023-04-28,NVDA,277.48999,-0.001008,2470000.0,0.008976,0.014642,685400275300000.0
86580,2023-05-31,NVDA,378.34,0.363437,2470000.0,0.000708,0.002482,934499799999999.9
86580,2023-06-30,NVDA,423.01999,0.118201,2470000.0,0.066183,0.064728,1044859375300000.1
86580,2023-07-31,NVDA,467.29001,0.104652,2470000.0,0.035618,0.031139,1154206324700000.0
86580,2023-08-31,NVDA,493.54999,0.056196,2470000.0,-0.020608,-0.017716,1219068475300000.0
86580,2023-09-29,NVDA,434.98999,-0.118570,2470000.0,-0.04739,-0.048719,1074425275300000.0
86580,2023-10-31,NVDA,407.79999,-0.062507,2466000.0,-0.028865,-0.02198,1005634775339999.9
86580,2023-11-30,NVDA,467.70001,0.146886,2470000.0,0.092053,0.089179,1155219024700000.0
86580,2023-12-29,NVDA,495.22,0.058927,2470000.0,0.053604,0.044229,1223193400000000.0
86580,2024-01-31,NVDA,615.27002,0.242418,2464000.0,0.007561,0.015896,1516025329280000.2
86580,2024-02-29,NVDA,791.12,0.285809,2500000.0,0.050583,0.051721,1977800000000000.0
86580,2024-03-28,NVDA,903.56,0.142178,2463727.0,0.03245,0.031019,2226125168120000.0
86580,2024-04-30,NVDA,864.02002,-0.043760,2459834.0,-0.042724,-0.041615,2125345821876680.2
86580,2024-05-31,NVDA,1096.32996,0.268871,2459834.0,0.046553,0.048021,2696789710826640.0
86580,2024-06-28,NVDA,123.54,0.126942,24568840.0,0.026073,0.03467,3035234493600000.5
86580,2024-07-31,NVDA,117.02,-0.052776,24562000.0,0.019878,0.011321,2874245240000000.0
86580,2024-08-30,NVDA,119.37,0.020082,24530000.0,0.021572,0.022835,2928146100000000.0
86580,2024-09-30,NVDA,121.44,0.017425,24530000.0,0.020969,0.020197,2978923200000000.0
86580,2024-10-31,NVDA,132.75999,0.093215,24508000.0,-0.008298,-0.009897,3253681834919999.5
86580,2024-11-29,NVDA,138.25,0.041353,24490000.0,0.064855,0.057301,3385742500000000.0
86580,2024-12-31,NVDA,134.28999,-0.028571,24490000.0,-0.031582,-0.02499,3288761855100000.0
90319,2021-05-28,GOOGL,2356.8501,0.001423,300747.0,0.007092,0.005487,708815597024700.0
90319,2021-06-30,GOOGL,2441.79004,0.036040,301040.0,0.023422,0.022214,735076473641600.0
90319,2021-07-30,GOOGL,2694.53003,0.103506,301085.0,0.011828,0.022748,811282574082549.9
90319,2021-08-31,GOOGL,2893.94995,0.074009,301085.0,0.027146,0.02899,871324920695750.0
90319,2021-09-30,GOOGL,2673.52002,-0.076169,300801.0,-0.042243,-0.047569,804197495536019.9
90319,2021-10-29,GOOGL,2960.91992,0.107499,300810.0,0.064651,0.069144,890674321135199.9
90319,2021-11-30,GOOGL,2837.94995,-0.041531,300810.0,-0.01835,-0.008334,853683724459500.1
90319,2021-12-31,GOOGL,2897.04004,0.020821,300737.0,0.033341,0.043613,871247130509480.0
90319,2022-01-31,GOOGL,2706.07007,-0.065919,300755.0,-0.059822,-0.052585,813864103902850.0
90319,2022-02-28,GOOGL,2701.13989,-0.001822,300755.0,-0.021838,-0.031361,812381327616950.0
90319,2022-03-31,GOOGL,2781.3501,0.029695,300763.0,0.030506,0.035773,836527200126300.0
90319,2022-04-29,GOOGL,2282.18994,-0.179467,300764.0,-0.089387,-0.087957,686400575114160.0
90319,2022-05-31,GOOGL,2275.23999,-0.003045,300764.0,-0.002113,5.3e-05,684310280352360.0
90319,2022-06-30,GOOGL,2179.26001,-0.042185,300764.0,-0.083998,-0.08392,655442957647640.0
90319,2022-07-29,GOOGL,116.32,0.067518,5996000.0,0.090351,0.091116,697454720000000.0
90319,2022-08-31,GOOGL,108.22,-0.069635,5996000.0,-0.036233,-0.04244,648887120000000.0
90319,2022-09-30,GOOGL,95.65,-0.116152,5978000.0,-0.091323,-0.093396,571795700000000.0
90319,2022-10-31,GOOGL,94.51,-0.011918,5973000.0,0.077394,0.079863,564508230000000.0
90319,2022-11-30,GOOGL,100.99,0.068564,5973000.0,0.052354,0.053753,603213270000000.0
90319,2022-12-30,GOOGL,88.23,-0.126349,5956000.0,-0.057119,-0.058971,525497880000000.0
90319,2023-01-31,GOOGL,98.84,0.120254,5956000.0,0.071823,0.061753,588691040000000.0
90319,2023-02-28,GOOGL,90.06,-0.088830,5956000.0,-0.024666,-0.026112,536397360000000.0
90319,2023-03-31,GOOGL,103.73,0.151788,5943000.0,0.02395,0.035052,616467390000000.0
90319,2023-04-28,GOOGL,107.34,0.034802,5941000.0,0.008976,0.014642,637706940000000.0
90319,2023-05-31,GOOGL,122.87,0.144681,5941000.0,0.000708,0.002482,729970670000000.0
90319,2023-06-30,GOOGL,119.7,-0.025800,5934000.0,0.066183,0.064728,710299800000000.0
90319,2023-07-31,GOOGL,132.72,0.108772,5933000.0,0.035618,0.031139,787427760000000.0
90319,2023-08-31,GOOGL,136.17,0.025995,5933000.0,-0.020608,-0.017716,807896609999999.9
90319,2023-09-29,GOOGL,130.86,-0.038995,5922000.0,-0.04739,-0.048719,774952920000000.1
90319,2023-10-31,GOOGL,124.08,-0.051811,5918000.0,-0.028865,-0.02198,734305440000000.0
90319,2023-11-30,GOOGL,132.53,0.068101,5918000.0,0.092053,0.089179,784312540000000.0
90319,2023-12-29,GOOGL,139.69,0.054026,5899000.0,0.053604,0.044229,824031310000000.0
90319,2024-01-31,GOOGL,140.10001,0.002935,5893000.0,0.007561,0.015896,825609358930000.0
90319,2024-02-29,GOOGL,138.46001,-0.011706,5893000.0,0.050583,0.051721,815944838930000.1
90319,2024-03-28,GOOGL,150.92999,0.090062,5879000.0,0.03245,0.031019,887317411210000.0
90319,2024-04-30,GOOGL,162.78,0.078513,5874000.0,-0.042724,-0.041615,956169720000000.0
90319,2024-05-31,GOOGL,172.5,0.059713,5874000.0,0.046553,0.048021,1013265000000000.0
90319,2024-06-28,GOOGL,182.14999,0.057101,5860000.0,0.026073,0.03467,1067398941400000.0
90319,2024-07-31,GOOGL,171.53999,-0.058249,5859000.0,0.019878,0.011321,1005052801410000.0
90319,2024-08-30,GOOGL,163.38,-0.047569,5859000.0,0.021572,0.022835,957243420000000.0
90319,2024-09-30,GOOGL,165.85001,0.016342,5844000.0,0.020969,0.020197,969227458440000.0
90319,2024-10-31,GOOGL,171.11,0.031715,5843000.0,-0.008298,-0.009897,999795730000000.1
90319,2024-11-29,GOOGL,168.95,-0.012623,5843000.0,0.064855,0.057301,987174849999999.9
90319,2024-12-31,GOOGL,189.3,0.121634,5843000.0,-0.031582,-0.02499,1106079900000000.0
92611,2021-05-28,V,227.3,-0.025432,1691806.0,0.007092,0.005487,384547503800000.0
92611,2021-06-30,V,233.82001,0.028685,1691806.0,0.023422,0.022214,395578095838060.0
92611,2021-07-30,V,246.39,0.053759,1687643.0,0.011828,0.022748,415818358770000.0
92611,2021-08-31,V,229.10001,-0.068875,1687643.0,0.027146,0.02899,386639028176430.0
92611,2021-09-30,V,222.75,-0.027717,1687643.0,-0.042243,-0.047569,375922478250000.0
92611,2021-10-29,V,211.77,-0.049293,1687643.0,0.064651,0.069144,357392158110000.0
92611,2021-11-30,V,193.77,-0.083227,1669731.0,-0.01835,-0.008334,323543775870000.0
92611,2021-12-31,V,216.71001,0.118388,1667416.0,0.033341,0.043613,361345738034160.0
92611,2022-01-31,V,226.17,0.043653,1658424.0,-0.059822,-0.052585,375085756080000.0
92611,2022-02-28,V,216.12,-0.042778,1658424.0,-0.021838,-0.031361,358418594880000.0
92611,2022-03-31,V,221.77,0.026143,1658424.0,0.030506,0.035773,367788690480000.0
92611,2022-04-29,V,213.13,-0.038959,1658424.0,-0.089387,-0.087957,353459907120000.0
92611,2022-05-31,V,212.17,-0.002745,1645719.0,-0.002113,5.3e-05,349172200229999.94
92611,2022-06-30,V,196.89,-0.072018,1645719.0,-0.083998,-0.08392,324025613909999.94
92611,2022-07-29,V,212.11,0.077302,1645719.0,0.090351,0.091116,349073457090000.06
92611,2022-08-31,V,198.71001,-0.061407,1635015.0,-0.036233,-0.04244,324893847000150.0
92611,2022-09-30,V,177.64999,-0.105984,1635015.0,-0.091323,-0.093396,290460398399850.0
92611,2022-10-31,V,207.16,0.166113,1635015.0,0.077394,0.079863,338709707400000.0
92611,2022-11-30,V,217.0,0.049672,1628169.0,0.052354,0.053753,353312673000000.0
92611,2022-12-30,V,207.75999,-0.042581,1628169.0,-0.057119,-0.058971,338268375158310.0
92611,2023-01-31,V,230.21001,0.108057,1624954.0,0.071823,0.061753,374080676589540.0
92611,2023-02-28,V,219.94,-0.042657,1624954.0,-0.024666,-0.026112,357392382760000.0
92611,2023-03-31,V,225.46001,0.025098,1624954.0,0.02395,0.035052,366362145089540.0
92611,2023-04-28,V,232.73,0.032245,1624954.0,0.008976,0.014642,378175544419999.94
92611,2023-05-31,V,221.03,-0.048339,1618223.0,0.000708,0.002482,357675829690000.0
92611,2023-06-30,V,237.48,0.074424,1618223.0,0.066183,0.064728,384295598039999.94
92611,2023-07-31,V,237.73,0.001053,1606788.0,0.035618,0.031139,381981711240000.0
92611,2023-08-31,V,245.67999,0.035334,1606788.0,-0.020608,-0.017716,394755659772120.0
92611,2023-09-29,V,230.00999,-0.063782,1606788.0,-0.04739,-0.048719,369577291812119.94
92611,2023-10-31,V,235.10001,0.022130,1606788.0,-0.028865,-0.02198,377755874867880.0
92611,2023-11-30,V,256.67999,0.094002,1580680.0,0.092053,0.089179,405728926593199.94
92611,2023-12-29,V,260.35001,0.014298,1582524.0,0.053604,0.044229,412010139225240.0
92611,2024-01-31,V,273.26001,0.049587,1581590.0,0.007561,0.015896,432185299215900.06
92611,2024-02-29,V,282.64001,0.036229,1581590.0,0.050583,0.051721,447020613415900.06
92611,2024-03-28,V,279.07999,-0.012596,1581590.0,0.03245,0.031019,441390121384100.0
92611,2024-04-30,V,268.60999,-0.037516,1581590.0,-0.042724,-0.041615,424830874084099.94
92611,2024-05-31,V,272.45999,0.016269,1574152.0,0.046553,0.048021,428893438178480.0
92611,2024-06-28,V,262.47,-0.036666,1574152.0,0.026073,0.03467,413167675440000.06
92611,2024-07-31,V,265.67001,0.012192,1670445.0,0.019878,0.011321,443787139854450.0
92611,2024-08-30,V,276.37,0.042233,1670445.0,0.021572,0.022835,461660884650000.06
92611,2024-09-30,V,274.95001,-0.005138,1670445.0,0.020969,0.020197,459288869454450.0
92611,2024-10-31,V,289.85001,0.054192,1670445.0,-0.008298,-0.009897,484178499954450.0
92611,2024-11-29,V,315.07999,0.089080,1728105.0,0.064855,0.057301,544491306118950.0
92611,2024-12-31,V,316.04001,0.003047,1729399.0,-0.031582,-0.02499,546559277253989.94
92655,2021-05-28,UNH,411.92001,0.032899,943702.0,0.007092,0.005487,388729737277020.0
92655,2021-06-30,UNH,400.44,-0.024349,943702.0,0.023422,0.022214,377896028880000.0
92655,2021-07-30,UNH,412.22,0.029418,943702.0,0.011828,0.022748,389012838440000.0
92655,2021-08-31,UNH,416.26999,0.009825,942917.0,0.027146,0.02899,392508050160830.0
92655,2021-09-30,UNH,390.73999,-0.057847,942917.0,-0.042243,-0.047569,368435379150830.0
92655,2021-10-29,UNH,460.47,0.178456,942917.0,0.064651,0.069144,434184990990000.0
92655,2021-11-30,UNH,444.22,-0.035290,941851.0,-0.01835,-0.008334,418389051220000.0
92655,2021-12-31,UNH,502.14001,0.133650,941851.0,0.033341,0.043613,472941070558510.0
92655,2022-01-31,UNH,472.57001,-0.058888,941851.0,-0.059822,-0.052585,445090536488510.0
92655,2022-02-28,UNH,475.87,0.006983,940899.0,-0.021838,-0.031361,447745607130000.0
92655,2022-03-31,UNH,509.97,0.074705,940899.0,0.030506,0.035773,479830263030000.0
92655,2022-04-29,UNH,508.54999,-0.002785,940899.0,-0.089387,-0.087957,478494177041009.94
92655,2022-05-31,UNH,496.78,-0.023144,938172.0,-0.002113,5.3e-05,466065086159999.94
92655,2022-06-30,UNH,513.63,0.037240,938172.0,-0.083998,-0.08392,481873284360000.0
92655,2022-07-29,UNH,542.34003,0.055896,938172.0,0.090351,0.091116,508808230625160.0
92655,2022-08-31,UNH,519.33002,-0.042427,935383.0,-0.036233,-0.04244,485772472097660.0
92655,2022-09-30,UNH,505.04001,-0.024339,935383.0,-0.091323,-0.093396,472405839673830.0
92655,2022-10-31,UNH,555.15002,0.099220,935383.0,0.077394,0.079863,519277891157660.06
92655,2022-11-30,UNH,547.76001,-0.013312,934349.0,0.052354,0.053753,511799017583489.94
92655,2022-12-30,UNH,530.17999,-0.029082,934349.0,-0.057119,-0.058971,495373143476510.0
92655,2023-01-31,UNH,499.19,-0.058452,934349.0,0.071823,0.061753,466417677310000.0
92655,2023-02-28,UNH,475.94,-0.046575,932847.0,-0.024666,-0.026112,443979201180000.0
92655,2023-03-31,UNH,472.59,-0.003572,932847.0,0.02395,0.035052,440854163729999.94
92655,2023-04-28,UNH,492.09,0.041262,932847.0,0.008976,0.014642,459044680229999.94
92655,2023-05-31,UNH,487.23999,-0.009856,931032.0,0.000708,0.002482,453636022369680.0
92655,2023-06-30,UNH,480.64001,-0.009687,931032.0,0.066183,0.064728,447491229790320.06
92655,2023-07-31,UNH,506.37,0.053533,931032.0,0.035618,0.031139,471446673840000.06
92655,2023-08-31,UNH,476.57999,-0.058831,926305.0,-0.020608,-0.017716,441458427636950.0
92655,2023-09-29,UNH,504.19,0.061878,926305.0,-0.04739,-0.048719,467033717950000.0
92655,2023-10-31,UNH,535.56,0.062219,926305.0,-0.028865,-0.02198,496091905799999.94
92655,2023-11-30,UNH,552.96997,0.032508,924925.0,0.092053,0.089179,511455749502250.0
92655,2023-12-29,UNH,526.46997,-0.044523,924925.0,0.053604,0.044229,486945237002250.0
92655,2024-01-31,UNH,511.73999,-0.027979,924925.0,0.007561,0.015896,473321110250750.0
92655,2024-02-29,UNH,493.60001,-0.035448,921934.0,0.050583,0.051721,455066631619340.0
92655,2024-03-28,UNH,494.70001,0.006037,921934.0,0.03245,0.031019,456080759019340.06
92655,2024-04-30,UNH,483.70001,-0.022236,920080.0,-0.042724,-0.041615,445042705200800.0
92655,2024-05-31,UNH,495.37,0.024126,920385.0,0.046553,0.048021,455931117450000.0
92655,2024-06-28,UNH,509.26001,0.032279,920385.0,0.026073,0.03467,468715274303850.0
92655,2024-07-31,UNH,576.15997,0.131367,920385.0,0.019878,0.011321,530288993988450.06
92655,2024-08-30,UNH,590.20001,0.024368,923418.0,0.021572,0.022835,545001312834180.0
92655,2024-09-30,UNH,584.67999,-0.005795,923418.0,0.020969,0.020197,539904027005820.06
92655,2024-10-31,UNH,564.5,-0.034515,923418.0,-0.008298,-0.009897,521269461000000.0
92655,2024-11-29,UNH,610.20001,0.080957,920284.0,0.064855,0.057301,561557306002840.06
92655,2024-12-31,UNH,505.85999,-0.167552,920284.0,-0.031582,-0.02499,465534855037160.0
93002,2021-05-28,AVGO,472.32999,0.035357,410261.0,0.007092,0.005487,193778574027390.0
93002,2021-06-30,AVGO,476.84,0.017170,410261.0,0.023422,0.022214,195628855239999.97
93002,2021-07-30,AVGO,485.39999,0.017952,412000.0,0.011828,0.022748,199984795880000.0
93002,2021-08-31,AVGO,497.20999,0.024330,411616.0,0.027146,0.02899,204659587243840.0
93002,2021-09-30,AVGO,484.92999,-0.017457,411616.0,-0.042243,-0.047569,199604942763840.0
93002,2021-10-29,AVGO,531.66998,0.096385,413000.0,0.064651,0.069144,219579701740000.0
93002,2021-11-30,AVGO,553.67999,0.041398,412874.0,-0.01835,-0.008334,228600072191259.97
93002,2021-12-31,AVGO,665.40997,0.209200,412874.0,0.033341,0.043613,274730475953780.0
93002,2022-01-31,AVGO,585.88,-0.119520,410000.0,-0.059822,-0.052585,240210800000000.0
93002,2022-02-28,AVGO,587.44,0.002663,408281.0,-0.021838,-0.031361,239840590640000.0
93002,2022-03-31,AVGO,629.67999,0.078885,408281.0,0.030506,0.035773,257086375997190.0
93002,2022-04-29,AVGO,554.39001,-0.119569,406000.0,-0.089387,-0.087957,225082344059999.97
93002,2022-05-31,AVGO,580.13,0.046429,403818.0,-0.002113,5.3e-05,234266936340000.0
93002,2022-06-30,AVGO,485.81,-0.155517,403818.0,-0.083998,-0.08392,196178822580000.0
93002,2022-07-29,AVGO,535.47998,0.102242,405000.0,0.090351,0.091116,216869391899999.97
93002,2022-08-31,AVGO,499.10999,-0.067920,405001.0,-0.036233,-0.04244,202140045059990.0
93002,2022-09-30,AVGO,444.01001,-0.102182,405001.0,-0.091323,-0.093396,179824498060010.03
93002,2022-10-31,AVGO,470.12,0.058805,418000.0,0.077394,0.079863,196510160000000.0
93002,2022-11-30,AVGO,551.03003,0.172105,417886.0,0.052354,0.053753,230267735116580.0
93002,2022-12-30,AVGO,559.13,0.023048,417886.0,-0.057119,-0.058971,233652599180000.0
93002,2023-01-31,AVGO,585.01001,0.046286,417000.0,0.071823,0.061753,243949174170000.0
93002,2023-02-28,AVGO,594.28998,0.015863,416924.0,-0.024666,-0.026112,247773755621520.0
93002,2023-03-31,AVGO,641.53998,0.087247,416924.0,0.02395,0.035052,267473414621520.0
93002,2023-04-28,AVGO,626.5,-0.023444,414000.0,0.008976,0.014642,259371000000000.0
93002,2023-05-31,AVGO,807.96002,0.289641,412685.0,0.000708,0.002482,333432980853700.0
93002,2023-06-30,AVGO,867.42999,0.079298,412685.0,0.066183,0.064728,357975345423150.0
93002,2023-07-31,AVGO,898.65002,0.035991,413000.0,0.035618,0.031139,371142458260000.0
93002,2023-08-31,AVGO,922.89001,0.026974,412736.0,-0.020608,-0.017716,380909931167360.0
93002,2023-09-29,AVGO,830.58002,-0.095038,412736.0,-0.04739,-0.048719,342810275134719.94
93002,2023-10-31,AVGO,841.37,0.012991,414000.0,-0.028865,-0.02198,348327180000000.0
93002,2023-11-30,AVGO,925.72998,0.100265,468141.0,0.092053,0.089179,433372158567180.0
93002,2023-12-29,AVGO,1116.25,0.211476,468141.0,0.053604,0.044229,522562391250000.0
93002,2024-01-31,AVGO,1180.0,0.057111,468141.0,0.007561,0.015896,552406380000000.0
93002,2024-02-29,AVGO,1300.48999,0.102110,463421.0,0.050583,0.051721,602674371655790.0
93002,2024-03-28,AVGO,1325.41003,0.023199,463421.0,0.03245,0.031019,614222841512630.0
93002,2024-04-30,AVGO,1300.27002,-0.018968,463421.0,-0.042724,-0.041615,602572432938420.0
93002,2024-05-31,AVGO,1328.55005,0.021749,465488.0,0.046553,0.048021,618424105674400.0
93002,2024-06-28,AVGO,1605.53003,0.212435,465488.0,0.026073,0.03467,747354962604640.0
93002,2024-07-31,AVGO,160.67999,0.000791,4654880.0,0.019878,0.011321,747946071851200.0
93002,2024-08-30,AVGO,162.82001,0.013318,4670576.0,0.021572,0.022835,760463231025759.9
93002,2024-09-30,AVGO,172.5,0.062707,4670576.0,0.020969,0.020197,805674360000000.0
93002,2024-10-31,AVGO,169.77,-0.015826,4670576.0,-0.008298,-0.009897,792923687520000.1
93002,2024-11-29,AVGO,162.08,-0.045297,4686000.0,0.064855,0.057301,759506880000000.0
93002,2024-12-31,AVGO,231.84,0.434045,4686000.0,-0.031582,-0.02499,1086402240000000.0
93436,2021-05-28,TSLA,625.21997,-0.118713,963330.0,0.007092,0.005487,602293153700100.0
93436,2021-06-30,TSLA,679.70001,0.087137,984003.0,0.023422,0.022214,668826848940030.0
93436,2021-07-30,TSLA,687.20001,0.011034,990015.0,0.011828,0.022748,680338317900150.0
93436,2021-08-31,TSLA,735.71997,0.070605,1001767.0,0.027146,0.02899,737019987186990.0
93436,2021-09-30,TSLA,775.47998,0.054042,1004000.0,-0.042243,-0.047569,778581899920000.0
93436,2021-10-29,TSLA,1114.0,0.436530,1004265.0,0.064651,0.069144,1118751210000000.0
93436,2021-11-30,TSLA,1144.76001,0.027612,1004265.0,-0.01835,-0.008334,1149642411442650.0
93436,2021-12-31,TSLA,1056.78003,-0.076855,1033508.0,0.033341,0.043613,1092190615245240.0
93436,2022-01-31,TSLA,936.71997,-0.113609,1033508.0,-0.059822,-0.052585,968107582754760.0
93436,2022-02-28,TSLA,870.42999,-0.070768,1033508.0,-0.021838,-0.031361,899596358104920.0
93436,2022-03-31,TSLA,1077.59998,0.238009,1035976.0,0.030506,0.035773,1116367716880480.0
93436,2022-04-29,TSLA,870.76001,-0.191945,1036010.0,-0.089387,-0.087957,902116077960099.9
93436,2022-05-31,TSLA,758.26001,-0.129197,1036010.0,-0.002113,5.3e-05,785564952960099.9
93436,2022-06-30,TSLA,673.41998,-0.111888,1041000.0,-0.083998,-0.08392,701030199180000.1
93436,2022-07-29,TSLA,891.45001,0.323765,1044490.0,0.090351,0.091116,931110620944900.0
93436,2022-08-31,TSLA,275.60999,-0.072489,3133470.0,-0.036233,-0.04244,863615635365300.0
93436,2022-09-30,TSLA,265.25,-0.037589,3158000.0,-0.091323,-0.093396,837659500000000.0
93436,2022-10-31,TSLA,227.53999,-0.142168,3157752.0,0.077394,0.079863,718514858502479.9
93436,2022-11-30,TSLA,194.7,-0.144326,3157752.0,0.052354,0.053753,614814314400000.0
93436,2022-12-30,TSLA,123.18,-0.367334,3164000.0,-0.057119,-0.058971,389741520000000.0
93436,2023-01-31,TSLA,173.22,0.406235,3164103.0,0.071823,0.061753,548085921659999.94
93436,2023-02-28,TSLA,205.71001,0.187565,3164103.0,-0.024666,-0.026112,650887659771030.1
93436,2023-03-31,TSLA,207.46001,0.008507,3169314.0,0.02395,0.035052,657505914133140.1
93436,2023-04-28,TSLA,164.31,-0.207992,3169504.0,0.008976,0.014642,520781202240000.0
93436,2023-05-31,TSLA,203.92999,0.241130,3169504.0,0.000708,0.002482,646356919024960.0
93436,2023-06-30,TSLA,261.76999,0.283627,3174000.0,0.066183,0.064728,830857948260000.0
93436,2023-07-31,TSLA,267.42999,0.021622,3173994.0,0.035618,0.031139,848821183680059.9
93436,2023-08-31,TSLA,258.07999,-0.034962,3173994.0,-0.020608,-0.017716,819144339780060.0
93436,2023-09-29,TSLA,250.22,-0.030456,3179000.0,-0.04739,-0.048719,795449380000000.0
93436,2023-10-31,TSLA,200.84,-0.197346,3178921.0,-0.028865,-0.02198,638454493640000.0
93436,2023-11-30,TSLA,240.08,0.195379,3178921.0,0.092053,0.089179,763195353680000.1
93436,2023-12-29,TSLA,248.48,0.034988,3185000.0,0.053604,0.044229,791408800000000.0
93436,2024-01-31,TSLA,187.28999,-0.246257,3184790.0,0.007561,0.015896,596479287252100.0
93436,2024-02-29,TSLA,201.88,0.077901,3184790.0,0.050583,0.051721,642945405199999.9
93436,2024-03-28,TSLA,175.78999,-0.129235,3188966.0,0.03245,0.031019,560588301250340.0
93436,2024-04-30,TSLA,183.28,0.042608,3189196.0,-0.042724,-0.041615,584515842880000.0
93436,2024-05-31,TSLA,178.08,-0.028372,3189196.0,0.046553,0.048021,567932023680000.1
93436,2024-06-28,TSLA,197.88,0.111186,3194640.0,0.026073,0.03467,632155363199999.9
93436,2024-07-31,TSLA,232.07001,0.172781,3194640.0,0.019878,0.011321,741380136746400.0
93436,2024-08-30,TSLA,214.11,-0.077390,3194640.0,0.021572,0.022835,684004370400000.1
93436,2024-09-30,TSLA,261.63,0.221942,3207000.0,0.020969,0.020197,839047410000000.0
93436,2024-10-31,TSLA,249.85001,-0.045025,3210060.0,-0.008298,-0.009897,802033523100600.0
93436,2024-11-29,TSLA,345.16,0.381469,3210060.0,0.064855,0.057301,1107984309600000.1
93436,2024-12-31,TSLA,403.84,0.170008,3210060.0,-0.031582,-0.02499,1296350630399999.8
